Agent,Final_Value,Total_Return_%,Volatility_%,Sharpe,Sortino,Calmar,Max_Drawdown_%,Max_DD_Duration,Win_Rate_%,Profit_Loss_Ratio,Avg_Cash_%,Avg_Turnover_%,Concentration_%
PPO Planning (Aggressive),154730.265625,54.730265624999994,19.705028157185513,2.3420787604004527,4.123756187446724,5.8699849560391195,9.323748874124927,44,54.61847389558233,1.2129285037555293,4.991314560174942,1.0284842923283577,33.35070013999939
Hierarchical (Adaptive),142339.21875,42.33921875,18.42816772584254,2.0320875636856934,3.436655999044423,4.225449068177923,10.020051849366466,75,54.61847389558233,1.1589286760293305,12.920047342777252,2.5566821917891502,33.333346247673035
Risk-Constrained (Defensive),132239.09375,32.239093749999995,12.504870410253197,2.3252366371150264,4.098933900361103,5.338700508977223,6.038753006614393,25,55.020080321285135,1.1902255745080692,39.95582461357117,0.6777823437005281,33.33333730697632
LLM Reasoning (GPT-4o),149942.57002895355,49.94257002895355,18.675911663694258,2.2900630201443564,3.853325549717709,5.719249158287764,8.732364799421577,26,55.020080321285135,1.1861690231928013,11.122394526303161,0.9673214302758103,33.920721070349195
