Agent,Final_Value,Total_Return_%,Volatility_%,Sharpe,Sortino,Calmar,Max_Drawdown_%,Max_DD_Duration,Win_Rate_%,Profit_Loss_Ratio,Avg_Cash_%,Avg_Turnover_%,Concentration_%
PPO Planning (Aggressive),154730.296875,54.73029687499999,19.70501563536352,2.3420811647295467,4.123753303532676,5.870021628473275,9.32369594849938,44,54.61847389558233,1.2129291140152054,4.991314560174942,1.0284840129315853,33.35070013999939
Hierarchical (Adaptive),142339.09375,42.33909375,18.428150088317842,2.0320845054474015,3.436649757169306,4.225445929373597,10.020029709923794,75,54.61847389558233,1.1589279998287545,12.920047342777252,2.55668256431818,33.333343267440796
Risk-Constrained (Defensive),132239.125,32.239125,12.504868400609665,2.3252389064769687,4.098933467259536,5.338696825192443,6.038763026937363,25,55.020080321285135,1.190226063450888,39.95582461357117,0.6777818314731121,33.33333730697632
LLM Reasoning (GPT-4o),149942.5600351715,49.94256003517151,18.675897307068485,2.2900642755818583,3.8533247264804356,5.719254251412345,8.732355275661757,26,55.020080321285135,1.1861695083601822,11.122394643290132,0.9673214274692752,33.92072109360894
