Agent,Final_Value,Total_Return_%,Volatility_%,Sharpe,Sortino,Calmar,Max_Drawdown_%,Max_DD_Duration,Win_Rate_%,Profit_Loss_Ratio,Avg_Cash_%,Avg_Turnover_%,Concentration_%
PPO Planning (Aggressive),154730.421875,54.730421875000005,19.70501401946955,2.342085497769689,4.123759573110798,5.8700009351419435,9.323750111749609,44,54.61847389558233,1.2129300410438915,4.991314560174942,1.028483547270298,33.35069715976715
Hierarchical (Adaptive),142339.46875,42.339468749999995,18.428157865013127,2.0320982126858738,3.436674028493309,4.2255263513776065,10.019927750822447,75,54.61847389558233,1.1589307465029686,12.920047342777252,2.5566812604665756,33.333346247673035
Risk-Constrained (Defensive),132239.15625,32.23915625,12.504862152210345,2.3252419193902476,4.098942524356233,5.338686328380587,6.038780753725099,25,55.020080321285135,1.1902267632256416,39.95582461357117,0.6777817849069834,33.33333730697632
